Participant,Chopped,Left Hand Grab,Left Hand Released,Right Hand Grab,Right Hand Released
C002,35,0,0,112,89
C004,41,65,56,41,27
C005,33,27,16,106,62
C010,10,11,10,39,22
C011,25,55,20,133,84
C014,20,13,9,72,35
C015,55,24,20,135,94
C018,32,25,22,56,40
C019,33,0,0,101,88
C022,30,19,15,122,90
C023,37,10,7,128,114
C026,33,0,0,90,79
C027,33,5,5,71,53
C030,29,22,17,46,38
C031,55,18,1,134,95
